candidate_id,rank,score,reasoning
CAND_0046525,1,0.91424,"Top-ranked: 6.1 YOE as Senior Machine Learning Engineer at Genpact AI. Expert-level skills include Machine Learning, LlamaIndex, Sentence Transformers, Qdrant, directly matching the JD's retrieval/ranking requirements. Career includes Tier-A/B product companies (Genpact AI). Availability signals: actively open to work; high response rate (88%). Notice period 60d — above the JD's preferred 30-day threshold. Located in Pune, Maharashtra (matches JD's preferred Pune/Noida/NCR geography)."
CAND_0041669,2,0.907606,"Top-ranked: 8.0 YOE as Recommendation Systems Engineer at CRED. Expert-level skills include Milvus, PEFT, Semantic Search, directly matching the JD's retrieval/ranking requirements. Career includes Tier-A/B product companies (CRED). Availability signals: actively open to work; high response rate (77%). Notice period 60d — above the JD's preferred 30-day threshold. Located in Noida, Uttar Pradesh (matches JD's preferred Pune/Noida/NCR geography)."
CAND_0018499,3,0.898325,"Top-ranked: 7.2 YOE as Senior Machine Learning Engineer at Zomato. Expert-level skills include Deep Learning, Weaviate, Recommendation Systems, scikit-learn, directly matching the JD's retrieval/ranking requirements. Career includes Tier-A/B product companies (Zomato). Availability signals: actively open to work. Notice period 15d — within the JD's preferred range. Located in Noida, Uttar Pradesh (matches JD's preferred Pune/Noida/NCR geography)."
CAND_0086022,4,0.89164,"Top-ranked: 5.3 YOE as Senior Applied Scientist at Sarvam AI. Expert-level skills include pgvector, Fine-tuning LLMs, Pinecone, Embeddings, directly matching the JD's retrieval/ranking requirements. Career includes Tier-A/B product companies (Sarvam AI). Availability signals: actively open to work. Immediate joiner. Located in Kolkata, West Bengal (matches JD's preferred Pune/Noida/NCR geography)."
CAND_0039754,5,0.889,"Top-ranked: 16.2 YOE as Senior Applied Scientist at Meta. Expert-level skills include Fine-tuning LLMs, Qdrant, NLP, OpenSearch, directly matching the JD's retrieval/ranking requirements. Career includes Tier-A/B product companies (Meta). Availability signals: actively open to work; high response rate (81%). Notice period 30d — within the JD's preferred range. Located in Indore, Madhya Pradesh (matches JD's preferred Pune/Noida/NCR geography)."
CAND_0068811,6,0.884162,"Top-ranked: 8.0 YOE as Applied ML Engineer at Freshworks. Expert-level skills include Vector Search, Qdrant, scikit-learn, TensorFlow, directly matching the JD's retrieval/ranking requirements. Career includes Tier-A/B product companies (Freshworks). Availability signals: actively open to work. Notice period 30d — within the JD's preferred range. Located in Pune, Maharashtra (matches JD's preferred Pune/Noida/NCR geography)."
CAND_0027691,7,0.880289,"Top-ranked: 6.5 YOE as NLP Engineer at Haptik. Expert-level skills include LoRA, Recommendation Systems, Weaviate, QLoRA, directly matching the JD's retrieval/ranking requirements. Career includes Tier-A/B product companies (Haptik). Availability signals: actively open to work. Notice period 15d — within the JD's preferred range. Located in Pune, Maharashtra (matches JD's preferred Pune/Noida/NCR geography)."
CAND_0011687,8,0.87876,"Top-ranked: 7.8 YOE as Senior NLP Engineer at Niramai. Expert-level skills include TensorFlow, OpenSearch, PEFT, Embeddings, directly matching the JD's retrieval/ranking requirements. Career includes Tier-A/B product companies (Niramai). Availability signals: actively open to work; high response rate (89%). Notice period 15d — within the JD's preferred range. Located in Indore, Madhya Pradesh (matches JD's preferred Pune/Noida/NCR geography)."
CAND_0052328,9,0.87862,"Top-ranked: 6.5 YOE as Recommendation Systems Engineer at Amazon. Expert-level skills include OpenSearch, QLoRA, Learning to Rank, scikit-learn, directly matching the JD's retrieval/ranking requirements. Career includes Tier-A/B product companies (Amazon). Availability signals: actively open to work; high response rate (79%). Notice period 30d — within the JD's preferred range. Located in Pune, Maharashtra (matches JD's preferred Pune/Noida/NCR geography)."
CAND_0002025,10,0.87608,"Top-ranked: 5.9 YOE as Senior AI Engineer at Apple. Expert-level skills include FAISS, TensorFlow, scikit-learn, Haystack, directly matching the JD's retrieval/ranking requirements. Career includes Tier-A/B product companies (Apple). Availability signals: actively open to work; high response rate (80%). Notice period 30d — within the JD's preferred range. Located in Trivandrum, Kerala (matches JD's preferred Pune/Noida/NCR geography)."
CAND_0075574,11,0.87144,"Strong candidate: 5.7 YOE as Machine Learning Engineer at Haptik. Expert-level skills include pgvector, Weaviate, OpenSearch, scikit-learn, directly matching the JD's retrieval/ranking requirements. Career includes Tier-A/B product companies (Haptik). Availability signals: actively open to work. Notice period 60d — above the JD's preferred 30-day threshold. Located in Bangalore, Karnataka (matches JD's preferred Pune/Noida/NCR geography). Concerns: no clear Tier-A/B product company in career history."
CAND_0046064,12,0.86916,"Strong candidate: 8.9 YOE as Senior NLP Engineer at Salesforce. Expert-level skills include Python, Pinecone, Haystack, BM25, directly matching the JD's retrieval/ranking requirements. Career includes Tier-A/B product companies (Salesforce). Availability signals: actively open to work; high response rate (78%). Notice period 30d — within the JD's preferred range. Located in Coimbatore, Tamil Nadu (matches JD's preferred Pune/Noida/NCR geography). Concerns: no clear Tier-A/B product company in career history."
CAND_0010257,13,0.865169,"Strong candidate: 6.5 YOE as Senior Data Scientist at Google. Expert-level skills include Milvus, TensorFlow, Python, Qdrant, directly matching the JD's retrieval/ranking requirements. Career includes Tier-A/B product companies (Google). Availability signals: actively open to work; high response rate (72%). Notice period 120d — above the JD's preferred 30-day threshold. Located in Noida, Uttar Pradesh (matches JD's preferred Pune/Noida/NCR geography). Concerns: no clear Tier-A/B product company in career history."
CAND_0071974,14,0.86146,"Strong candidate: 7.8 YOE as Senior AI Engineer at Netflix. Expert-level skills include Weaviate, BM25, Pinecone, Qdrant, directly matching the JD's retrieval/ranking requirements. Career includes Tier-A/B product companies (Netflix). Availability signals: actively open to work; high response rate (76%). Notice period 45d — above the JD's preferred 30-day threshold. Located in Vizag, Andhra Pradesh (matches JD's preferred Pune/Noida/NCR geography). Concerns: no clear Tier-A/B product company in career history."
CAND_0054394,15,0.860177,"Strong candidate: 4.1 YOE as Recommendation Systems Engineer at PharmEasy. Expert-level skills include Prompt Engineering, Fine-tuning LLMs, Embeddings, Haystack, directly matching the JD's retrieval/ranking requirements. Career includes Tier-A/B product companies (PharmEasy). Availability signals: actively open to work. Notice period 30d — within the JD's preferred range. Located in Pune, Maharashtra (matches JD's preferred Pune/Noida/NCR geography). Concerns: no clear Tier-A/B product company in career history."
CAND_0064326,16,0.858053,"Strong candidate: 7.6 YOE as Search Engineer at Sarvam AI. Expert-level skills include PyTorch, Deep Learning, Weaviate, RAG, directly matching the JD's retrieval/ranking requirements. Career includes Tier-A/B product companies (Sarvam AI). Availability signals: actively open to work; high response rate (94%). Notice period 45d — above the JD's preferred 30-day threshold. Located in Gurgaon, Haryana (matches JD's preferred Pune/Noida/NCR geography). Concerns: no clear Tier-A/B product company in career history."
CAND_0042506,17,0.8569,"Strong candidate: 4.2 YOE as Search Engineer at Verloop.io. Expert-level skills include PEFT, Fine-tuning LLMs, TensorFlow, Information Retrieval, directly matching the JD's retrieval/ranking requirements. Career includes Tier-A/B product companies (Verloop.io). Availability signals: actively open to work. Notice period 15d — within the JD's preferred range. Located in Mumbai, Maharashtra (matches JD's preferred Pune/Noida/NCR geography). Concerns: no clear Tier-A/B product company in career history."
CAND_0007009,18,0.853008,"Strong candidate: 7.9 YOE as Recommendation Systems Engineer at Wysa. Expert-level skills include Weaviate, Python, Embeddings, Learning to Rank, directly matching the JD's retrieval/ranking requirements. Career includes Tier-A/B product companies (Wysa). Availability signals: actively open to work. Notice period 30d — within the JD's preferred range. Located in Noida, Uttar Pradesh (matches JD's preferred Pune/Noida/NCR geography). Concerns: no clear Tier-A/B product company in career history."
CAND_0088025,19,0.85062,"Strong candidate: 8.6 YOE as Staff Machine Learning Engineer at Yellow.ai. Expert-level skills include QLoRA, LLMs, Hugging Face Transformers, RAG, directly matching the JD's retrieval/ranking requirements. Career includes Tier-A/B product companies (Yellow.ai). Availability signals: actively open to work; high response rate (83%). Notice period 90d — above the JD's preferred 30-day threshold. Located in Jaipur, Rajasthan (matches JD's preferred Pune/Noida/NCR geography). Concerns: no clear Tier-A/B product company in career history."
CAND_0069905,20,0.846927,"Strong candidate: 6.6 YOE as Applied ML Engineer at Sarvam AI. Expert-level skills include LoRA, Recommendation Systems, Sentence Transformers, LangChain, directly matching the JD's retrieval/ranking requirements. Career includes Tier-A/B product companies (Sarvam AI). Availability signals: actively open to work; high response rate (78%). Notice period 90d — above the JD's preferred 30-day threshold. Located in Bhubaneswar, Odisha (matches JD's preferred Pune/Noida/NCR geography). Concerns: no clear Tier-A/B product company in career history."
CAND_0007412,21,0.845189,"Strong candidate: 7.4 YOE as Applied ML Engineer at Zoho. Expert-level skills include Pinecone, PyTorch, BM25, Recommendation Systems, directly matching the JD's retrieval/ranking requirements. Career includes Tier-A/B product companies (Zoho). Availability signals: actively open to work; high response rate (76%). Notice period 120d — above the JD's preferred 30-day threshold. Located in Noida, Uttar Pradesh (matches JD's preferred Pune/Noida/NCR geography). Concerns: no clear Tier-A/B product company in career history."
CAND_0091909,22,0.84464,"Strong candidate: 6.9 YOE as Machine Learning Engineer at Rephrase.ai. Expert-level skills include LLMs, Pinecone, QLoRA, OpenSearch, directly matching the JD's retrieval/ranking requirements. Career includes Tier-A/B product companies (Rephrase.ai). Availability signals: actively open to work. Notice period 45d — above the JD's preferred 30-day threshold. Located in Bangalore, Karnataka (matches JD's preferred Pune/Noida/NCR geography). Concerns: no clear Tier-A/B product company in career history."
CAND_0081053,23,0.84104,"Strong candidate: 5.4 YOE as NLP Engineer at Glance. Expert-level skills include LoRA, QLoRA, Machine Learning, Learning to Rank, directly matching the JD's retrieval/ranking requirements. Career includes Tier-A/B product companies (Glance). Availability signals: actively open to work; high response rate (83%). Notice period 90d — above the JD's preferred 30-day threshold. Located in Chandigarh, Chandigarh (matches JD's preferred Pune/Noida/NCR geography). Concerns: no clear Tier-A/B product company in career history."
CAND_0058575,24,0.83956,"Strong candidate: 5.8 YOE as AI Engineer at Krutrim. Expert-level skills include Recommendation Systems, Pinecone, PyTorch, Hugging Face Transformers, directly matching the JD's retrieval/ranking requirements. Career includes Tier-A/B product companies (Krutrim). Availability signals: actively open to work. Notice period 90d — above the JD's preferred 30-day threshold. Located in Chennai, Tamil Nadu (matches JD's preferred Pune/Noida/NCR geography). Concerns: no clear Tier-A/B product company in career history."
CAND_0009691,25,0.83924,"Strong candidate: 6.2 YOE as Applied ML Engineer at LinkedIn. Expert-level skills include Recommendation Systems, Fine-tuning LLMs, LoRA, LangChain, directly matching the JD's retrieval/ranking requirements. Career includes Tier-A/B product companies (LinkedIn). Availability signals: actively open to work. Notice period 120d — above the JD's preferred 30-day threshold. Located in Indore, Madhya Pradesh (matches JD's preferred Pune/Noida/NCR geography). Concerns: no clear Tier-A/B product company in career history."
CAND_0018549,26,0.8372,"Strong candidate: 6.8 YOE as Recommendation Systems Engineer at Uber. Expert-level skills include Weaviate, Elasticsearch, LangChain, Qdrant, directly matching the JD's retrieval/ranking requirements. Career includes Tier-A/B product companies (Uber). Availability signals: actively open to work; high response rate (73%). Notice period 60d — above the JD's preferred 30-day threshold. Located in Coimbatore, Tamil Nadu (matches JD's preferred Pune/Noida/NCR geography). Concerns: no clear Tier-A/B product company in career history."
CAND_0017960,27,0.83647,"Strong candidate: 7.7 YOE as Recommendation Systems Engineer at Nykaa. Expert-level skills include QLoRA, Hugging Face Transformers, Haystack, Qdrant, directly matching the JD's retrieval/ranking requirements. Career includes Tier-A/B product companies (Nykaa). Availability signals: actively open to work; high response rate (72%). Notice period 60d — above the JD's preferred 30-day threshold. Located in Bangalore, Karnataka (matches JD's preferred Pune/Noida/NCR geography). Concerns: no clear Tier-A/B product company in career history."
CAND_0052682,28,0.83626,"Strong candidate: 6.6 YOE as NLP Engineer at Aganitha. Expert-level skills include QLoRA, Semantic Search, FAISS, PyTorch, directly matching the JD's retrieval/ranking requirements. Career includes Tier-A/B product companies (Aganitha). Availability signals: actively open to work; high response rate (88%). Notice period 30d — within the JD's preferred range. Located in Vizag, Andhra Pradesh (matches JD's preferred Pune/Noida/NCR geography). Concerns: no clear Tier-A/B product company in career history."
CAND_0055992,29,0.83306,"Strong candidate: 16.9 YOE as AI Engineer at CRED. Expert-level skills include Information Retrieval, FAISS, LangChain, OpenSearch, directly matching the JD's retrieval/ranking requirements. Career includes Tier-A/B product companies (CRED). Availability signals: actively open to work; high response rate (72%). Notice period 60d — above the JD's preferred 30-day threshold. Located in Sydney (matches JD's preferred Pune/Noida/NCR geography). Concerns: no clear Tier-A/B product company in career history."
CAND_0081846,30,0.83024,"Strong candidate: 6.7 YOE as Lead AI Engineer at Razorpay. Expert-level skills include Information Retrieval, Learning to Rank, Elasticsearch, Vector Search, directly matching the JD's retrieval/ranking requirements. Career includes Tier-A/B product companies (Razorpay). Availability signals: actively open to work; high response rate (73%). Notice period 30d — within the JD's preferred range. Located in Jaipur, Rajasthan (matches JD's preferred Pune/Noida/NCR geography). Concerns: no clear Tier-A/B product company in career history."
CAND_0079064,31,0.829904,"Solid pick: 5.2 YOE as Senior Data Scientist at Niramai. Expert-level skills include LlamaIndex, OpenSearch, Semantic Search, Fine-tuning LLMs, directly matching the JD's retrieval/ranking requirements. Career includes Tier-A/B product companies (Niramai). Availability signals: actively open to work; high response rate (91%). Notice period 120d — above the JD's preferred 30-day threshold. Located in Noida, Uttar Pradesh (matches JD's preferred Pune/Noida/NCR geography). Concerns: no clear Tier-A/B product company in career history."
CAND_0055905,32,0.829408,"Solid pick: 8.1 YOE as Senior Machine Learning Engineer at Flipkart. Expert-level skills include Elasticsearch, LangChain, Python, OpenSearch, directly matching the JD's retrieval/ranking requirements. Career includes Tier-A/B product companies (Flipkart). Availability signals: actively open to work; high response rate (87%). Notice period 30d — within the JD's preferred range. Located in London (matches JD's preferred Pune/Noida/NCR geography). Concerns: no clear Tier-A/B product company in career history."
CAND_0074225,33,0.82827,"Solid pick: 4.3 YOE as Machine Learning Engineer at Unacademy. Expert-level skills include Elasticsearch, Milvus, Python, Hugging Face Transformers, directly matching the JD's retrieval/ranking requirements. Career includes Tier-A/B product companies (Unacademy). Availability signals: actively open to work; high response rate (91%). Notice period 120d — above the JD's preferred 30-day threshold. Located in Vizag, Andhra Pradesh (matches JD's preferred Pune/Noida/NCR geography). Concerns: no clear Tier-A/B product company in career history."
CAND_0070398,34,0.82792,"Solid pick: 7.2 YOE as Machine Learning Engineer at Genpact AI. Expert-level skills include BM25, RAG, FAISS, Embeddings, directly matching the JD's retrieval/ranking requirements. Career includes Tier-A/B product companies (Genpact AI). Availability signals: actively open to work. Notice period 120d — above the JD's preferred 30-day threshold. Located in Kochi, Kerala (matches JD's preferred Pune/Noida/NCR geography). Concerns: no clear Tier-A/B product company in career history."
CAND_0027801,35,0.825576,"Solid pick: 7.4 YOE as NLP Engineer at InMobi. Expert-level skills include FAISS, Milvus, QLoRA, TensorFlow, directly matching the JD's retrieval/ranking requirements. Career includes Tier-A/B product companies (InMobi). Availability signals: actively open to work. Notice period 120d — above the JD's preferred 30-day threshold. Located in Hyderabad, Telangana (matches JD's preferred Pune/Noida/NCR geography). Concerns: no clear Tier-A/B product company in career history."
CAND_0079387,36,0.8253,"Solid pick: 6.9 YOE as AI Engineer at Microsoft. Expert-level skills include scikit-learn, Python, Sentence Transformers, Vector Search, directly matching the JD's retrieval/ranking requirements. Career includes Tier-A/B product companies (Microsoft). Availability signals: actively open to work; high response rate (81%). Notice period 30d — within the JD's preferred range. Located in Trivandrum, Kerala (matches JD's preferred Pune/Noida/NCR geography). Concerns: no clear Tier-A/B product company in career history."
CAND_0029367,37,0.824696,"Solid pick: 5.7 YOE as Senior Data Scientist at Rephrase.ai. Expert-level skills include TensorFlow, FAISS, Sentence Transformers, RAG, directly matching the JD's retrieval/ranking requirements. Career includes Tier-A/B product companies (Rephrase.ai). Availability signals: actively open to work; high response rate (77%). Notice period 90d — above the JD's preferred 30-day threshold. Located in Bangalore, Karnataka (matches JD's preferred Pune/Noida/NCR geography). Concerns: no clear Tier-A/B product company in career history."
CAND_0052335,38,0.8238,"Solid pick: 6.4 YOE as Applied ML Engineer at Aganitha. Expert-level skills include PyTorch, Machine Learning, Learning to Rank, NLP, directly matching the JD's retrieval/ranking requirements. Career includes Tier-A/B product companies (Aganitha). Availability signals: actively open to work; high response rate (79%). Notice period 60d — above the JD's preferred 30-day threshold. Located in Berlin (matches JD's preferred Pune/Noida/NCR geography). Concerns: no clear Tier-A/B product company in career history."
CAND_0064904,39,0.820776,"Solid pick: 4.9 YOE as AI Engineer at LinkedIn. Expert-level skills include Embeddings, Elasticsearch, Prompt Engineering, LLMs, directly matching the JD's retrieval/ranking requirements. Career includes Tier-A/B product companies (LinkedIn). Availability signals: actively open to work; high response rate (78%). Notice period 90d — above the JD's preferred 30-day threshold. Located in Hyderabad, Telangana (matches JD's preferred Pune/Noida/NCR geography). Concerns: no clear Tier-A/B product company in career history."
CAND_0095528,40,0.8201,"Solid pick: 5.3 YOE as Senior Data Scientist at Netflix. Expert-level skills include PyTorch, Semantic Search, Vector Search, pgvector, directly matching the JD's retrieval/ranking requirements. Career includes Tier-A/B product companies (Netflix). Availability signals: actively open to work. Notice period 45d — above the JD's preferred 30-day threshold. Located in Indore, Madhya Pradesh (matches JD's preferred Pune/Noida/NCR geography). Concerns: no clear Tier-A/B product company in career history."
CAND_0099806,41,0.818836,"Solid pick: 4.6 YOE as AI Engineer at Mad Street Den. Expert-level skills include LoRA, Prompt Engineering, FAISS, Embeddings, directly matching the JD's retrieval/ranking requirements. Career includes Tier-A/B product companies (Mad Street Den). Availability signals: actively open to work; high response rate (76%). Notice period 30d — within the JD's preferred range. Located in Bhubaneswar, Odisha (matches JD's preferred Pune/Noida/NCR geography). Concerns: no clear Tier-A/B product company in career history."
CAND_0086151,42,0.81764,"Solid pick: 7.7 YOE as Recommendation Systems Engineer at Wysa. Expert-level skills include LangChain, Qdrant, Embeddings, Sentence Transformers, directly matching the JD's retrieval/ranking requirements. Career includes Tier-A/B product companies (Wysa). Availability signals: actively open to work. Notice period 120d — above the JD's preferred 30-day threshold. Located in Vizag, Andhra Pradesh (matches JD's preferred Pune/Noida/NCR geography). Concerns: no clear Tier-A/B product company in career history."
CAND_0009024,43,0.81718,"Solid pick: 5.2 YOE as Search Engineer at Google. Expert-level skills include PEFT, Recommendation Systems, OpenSearch, LoRA, directly matching the JD's retrieval/ranking requirements. Career includes Tier-A/B product companies (Google). Availability signals: actively open to work. Notice period 30d — within the JD's preferred range. Located in Chennai, Tamil Nadu (matches JD's preferred Pune/Noida/NCR geography). Concerns: no clear Tier-A/B product company in career history."
CAND_0050454,44,0.8112,"Solid pick: 6.8 YOE as AI Engineer at Rephrase.ai. Expert-level skills include PyTorch, LangChain, QLoRA, Fine-tuning LLMs, directly matching the JD's retrieval/ranking requirements. Career includes Tier-A/B product companies (Rephrase.ai). Availability signals: actively open to work; high response rate (77%). Notice period 30d — within the JD's preferred range. Located in Delhi, Delhi (matches JD's preferred Pune/Noida/NCR geography). Concerns: no clear Tier-A/B product company in career history."
CAND_0007460,45,0.81052,"Solid pick: 4.7 YOE as AI Engineer at Salesforce. Expert-level skills include LangChain, PEFT, Haystack, Weaviate, directly matching the JD's retrieval/ranking requirements. Career includes Tier-A/B product companies (Salesforce). Availability signals: actively open to work. Notice period 120d — above the JD's preferred 30-day threshold. Located in Pune, Maharashtra (matches JD's preferred Pune/Noida/NCR geography). Concerns: no clear Tier-A/B product company in career history."
CAND_0098846,46,0.808984,"Solid pick: 7.6 YOE as AI Engineer at upGrad. Expert-level skills include Hugging Face Transformers, PEFT, QLoRA, Machine Learning, directly matching the JD's retrieval/ranking requirements. Career includes Tier-A/B product companies (upGrad). Availability signals: actively open to work. Notice period 45d — above the JD's preferred 30-day threshold. Located in Indore, Madhya Pradesh (matches JD's preferred Pune/Noida/NCR geography). Concerns: no clear Tier-A/B product company in career history."
CAND_0031593,47,0.808727,"Solid pick: 7.8 YOE as Search Engineer at Genpact AI. Expert-level skills include Haystack, BM25, LangChain, Embeddings, directly matching the JD's retrieval/ranking requirements. Career includes Tier-A/B product companies (Genpact AI). Availability signals: actively open to work. Notice period 90d — above the JD's preferred 30-day threshold. Located in Kolkata, West Bengal (matches JD's preferred Pune/Noida/NCR geography). Concerns: no clear Tier-A/B product company in career history."
CAND_0061339,48,0.808475,"Solid pick: 4.2 YOE as Search Engineer at Rephrase.ai. Expert-level skills include Information Retrieval, Milvus, Vector Search, LlamaIndex, directly matching the JD's retrieval/ranking requirements. Career includes Tier-A/B product companies (Rephrase.ai). Availability signals: actively open to work; high response rate (90%). Notice period 90d — above the JD's preferred 30-day threshold. Located in Chandigarh, Chandigarh (matches JD's preferred Pune/Noida/NCR geography). Concerns: no clear Tier-A/B product company in career history."
CAND_0000031,49,0.807874,"Solid pick: 6.0 YOE as Recommendation Systems Engineer at Swiggy. Expert-level skills include Pinecone, Embeddings, Information Retrieval, Hugging Face Transformers, directly matching the JD's retrieval/ranking requirements. Career includes Tier-A/B product companies (Swiggy). Availability signals: actively open to work; high response rate (91%). Notice period 60d — above the JD's preferred 30-day threshold. Located in Hyderabad, Telangana (matches JD's preferred Pune/Noida/NCR geography). Concerns: no clear Tier-A/B product company in career history."
CAND_0041610,50,0.807176,"Solid pick: 6.7 YOE as Recommendation Systems Engineer at Zoho. Expert-level skills include Elasticsearch, OpenSearch, BM25, scikit-learn, directly matching the JD's retrieval/ranking requirements. Career includes Tier-A/B product companies (Zoho). Availability signals: actively open to work. Notice period 30d — within the JD's preferred range. Located in Indore, Madhya Pradesh (matches JD's preferred Pune/Noida/NCR geography). Concerns: no clear Tier-A/B product company in career history."
CAND_0054123,51,0.805629,"Solid pick: 4.7 YOE as Applied ML Engineer at Meta. Expert-level skills include LangChain, pgvector, Weaviate, Qdrant, directly matching the JD's retrieval/ranking requirements. Career includes Tier-A/B product companies (Meta). Availability signals: not marked open to work; high response rate (87%). Notice period 60d — above the JD's preferred 30-day threshold. Located in Gurgaon, Haryana (matches JD's preferred Pune/Noida/NCR geography). Concerns: no clear Tier-A/B product company in career history; not actively signaling job search intent."
CAND_0006418,52,0.803891,"Solid pick: 5.7 YOE as Machine Learning Engineer at Verloop.io. Expert-level skills include Semantic Search, Embeddings, Weaviate, Learning to Rank, directly matching the JD's retrieval/ranking requirements. Career includes Tier-A/B product companies (Verloop.io). Availability signals: actively open to work; high response rate (92%). Notice period 60d — above the JD's preferred 30-day threshold. Located in Gurgaon, Haryana (matches JD's preferred Pune/Noida/NCR geography). Concerns: no clear Tier-A/B product company in career history."
CAND_0080766,53,0.803104,"Solid pick: 8.8 YOE as Staff Machine Learning Engineer at Salesforce. Expert-level skills include Search Backend, LoRA, Search & Discovery, Search Infrastructure, directly matching the JD's retrieval/ranking requirements. Career includes Tier-A/B product companies (Salesforce). Availability signals: not marked open to work. Immediate joiner. Located in Coimbatore, Tamil Nadu (matches JD's preferred Pune/Noida/NCR geography). Concerns: no clear Tier-A/B product company in career history; not actively signaling job search intent."
CAND_0066376,54,0.801718,"Solid pick: 5.7 YOE as Applied ML Engineer at Dream11. Expert-level skills include LoRA, Learning to Rank, LLMs, Deep Learning, directly matching the JD's retrieval/ranking requirements. Career includes Tier-A/B product companies (Dream11). Availability signals: actively open to work. Notice period 90d — above the JD's preferred 30-day threshold. Located in Mumbai, Maharashtra (matches JD's preferred Pune/Noida/NCR geography). Concerns: no clear Tier-A/B product company in career history."
CAND_0018722,55,0.801529,"Solid pick: 6.6 YOE as Recommendation Systems Engineer at Saarthi.ai. Expert-level skills include Weaviate, Python, TensorFlow, Hugging Face Transformers, directly matching the JD's retrieval/ranking requirements. Career includes Tier-A/B product companies (Saarthi.ai). Availability signals: actively open to work; high response rate (79%). Notice period 90d — above the JD's preferred 30-day threshold. Located in Toronto (matches JD's preferred Pune/Noida/NCR geography). Concerns: no clear Tier-A/B product company in career history."
CAND_0066999,56,0.80078,"Solid pick: 5.9 YOE as Recommendation Systems Engineer at Microsoft. Expert-level skills include OpenSearch, FAISS, LLMs, BM25, directly matching the JD's retrieval/ranking requirements. Career includes Tier-A/B product companies (Microsoft). Availability signals: actively open to work. Notice period 15d — within the JD's preferred range. Located in Delhi, Delhi (matches JD's preferred Pune/Noida/NCR geography). Concerns: no clear Tier-A/B product company in career history."
CAND_0010770,57,0.80004,"Solid pick: 15.2 YOE as Recommendation Systems Engineer at Aganitha. Expert-level skills include Haystack, Qdrant, Learning to Rank, TensorFlow, directly matching the JD's retrieval/ranking requirements. Career includes Tier-A/B product companies (Aganitha). Availability signals: actively open to work; high response rate (73%). Notice period 30d — within the JD's preferred range. Located in Kolkata, West Bengal (matches JD's preferred Pune/Noida/NCR geography). Concerns: no clear Tier-A/B product company in career history."
CAND_0005260,58,0.79984,"Solid pick: 5.2 YOE as Senior NLP Engineer at Netflix. Expert-level skills include Semantic Search, Deep Learning, Python, NLP, directly matching the JD's retrieval/ranking requirements. Career includes Tier-A/B product companies (Netflix). Availability signals: not marked open to work; high response rate (86%). Notice period 60d — above the JD's preferred 30-day threshold. Located in Chennai, Tamil Nadu (matches JD's preferred Pune/Noida/NCR geography). Concerns: no clear Tier-A/B product company in career history; not actively signaling job search intent."
CAND_0050876,59,0.799821,"Solid pick: 6.0 YOE as Applied ML Engineer at Freshworks. Expert-level skills include scikit-learn, OpenSearch, QLoRA, Sentence Transformers, directly matching the JD's retrieval/ranking requirements. Career includes Tier-A/B product companies (Freshworks). Availability signals: actively open to work. Notice period 90d — above the JD's preferred 30-day threshold. Located in Kolkata, West Bengal (matches JD's preferred Pune/Noida/NCR geography). Concerns: no clear Tier-A/B product company in career history."
CAND_0094759,60,0.79894,"Solid pick: 8.6 YOE as Lead AI Engineer at Meta. Expert-level skills include Prompt Engineering, Hugging Face Transformers, Semantic Search, Fine-tuning LLMs, directly matching the JD's retrieval/ranking requirements. Career includes Tier-A/B product companies (Meta). Availability signals: not marked open to work; low response rate (11%). Notice period 30d — within the JD's preferred range. Located in Mumbai, Maharashtra (matches JD's preferred Pune/Noida/NCR geography). Concerns: no clear Tier-A/B product company in career history; not actively signaling job search intent."
CAND_0039838,61,0.79884,"Marginal selection: 4.9 YOE as Recommendation Systems Engineer at Amazon. Expert-level skills include LoRA, RAG, Milvus, Vector Search, directly matching the JD's retrieval/ranking requirements. Career includes Tier-A/B product companies (Amazon). Availability signals: actively open to work; high response rate (80%). Notice period 90d — above the JD's preferred 30-day threshold. Located in Kochi, Kerala (matches JD's preferred Pune/Noida/NCR geography). Concerns: no clear Tier-A/B product company in career history."
CAND_0061655,62,0.79852,"Marginal selection: 4.6 YOE as Machine Learning Engineer at Krutrim. Expert-level skills include PEFT, Pinecone, Machine Learning, NLP, directly matching the JD's retrieval/ranking requirements. Career includes Tier-A/B product companies (Krutrim). Availability signals: not marked open to work; high response rate (88%). Notice period 15d — within the JD's preferred range. Located in Jaipur, Rajasthan (matches JD's preferred Pune/Noida/NCR geography). Concerns: no clear Tier-A/B product company in career history; not actively signaling job search intent."
CAND_0006557,63,0.797977,"Marginal selection: 7.9 YOE as NLP Engineer at Paytm. Expert-level skills include OpenSearch, LlamaIndex, Vector Search, FAISS, directly matching the JD's retrieval/ranking requirements. Career includes Tier-A/B product companies (Paytm). Availability signals: actively open to work. Notice period 120d — above the JD's preferred 30-day threshold. Located in Jaipur, Rajasthan (matches JD's preferred Pune/Noida/NCR geography). Concerns: no clear Tier-A/B product company in career history."
CAND_0077285,64,0.797958,"Marginal selection: 5.5 YOE as Recommendation Systems Engineer at Nykaa. Expert-level skills include LoRA, Sentence Transformers, Embeddings, Information Retrieval, directly matching the JD's retrieval/ranking requirements. Career includes Tier-A/B product companies (Nykaa). Availability signals: actively open to work. Notice period 60d — above the JD's preferred 30-day threshold. Located in Ahmedabad, Gujarat (matches JD's preferred Pune/Noida/NCR geography). Concerns: no clear Tier-A/B product company in career history."
CAND_0028793,65,0.797853,"Marginal selection: 7.2 YOE as Search Engineer at Google. Expert-level skills include Embeddings, Haystack, LoRA, Information Retrieval, directly matching the JD's retrieval/ranking requirements. Career includes Tier-A/B product companies (Google). Availability signals: actively open to work. Notice period 120d — above the JD's preferred 30-day threshold. Located in Trivandrum, Kerala (matches JD's preferred Pune/Noida/NCR geography). Concerns: no clear Tier-A/B product company in career history."
CAND_0008425,66,0.797373,"Marginal selection: 7.8 YOE as Senior NLP Engineer at Ola. Expert-level skills include Learning to Rank, Qdrant, pgvector, Sentence Transformers, directly matching the JD's retrieval/ranking requirements. Career includes Tier-A/B product companies (Ola). Availability signals: actively open to work. Notice period 90d — above the JD's preferred 30-day threshold. Located in Kolkata, West Bengal (matches JD's preferred Pune/Noida/NCR geography). Concerns: no clear Tier-A/B product company in career history."
CAND_0062247,67,0.795304,"Marginal selection: 7.3 YOE as AI Engineer at Google. Expert-level skills include Pinecone, Vector Search, Qdrant, Hugging Face Transformers, directly matching the JD's retrieval/ranking requirements. Career includes Tier-A/B product companies (Google). Availability signals: actively open to work; high response rate (78%). Notice period 30d — within the JD's preferred range. Located in Kochi, Kerala (matches JD's preferred Pune/Noida/NCR geography). Concerns: no clear Tier-A/B product company in career history."
CAND_0083307,68,0.793462,"Marginal selection: 7.8 YOE as Search Engineer at CRED. Expert-level skills include Embeddings, QLoRA, PEFT, Pinecone, directly matching the JD's retrieval/ranking requirements. Career includes Tier-A/B product companies (CRED). Availability signals: actively open to work; high response rate (70%). Notice period 120d — above the JD's preferred 30-day threshold. Located in Vizag, Andhra Pradesh (matches JD's preferred Pune/Noida/NCR geography). Concerns: no clear Tier-A/B product company in career history."
CAND_0081852,69,0.793449,"Marginal selection: 5.9 YOE as Senior Data Scientist at Mad Street Den. Expert-level skills include Semantic Search, Milvus, pgvector, Haystack, directly matching the JD's retrieval/ranking requirements. Career includes Tier-A/B product companies (Mad Street Den). Availability signals: actively open to work. Notice period 45d — above the JD's preferred 30-day threshold. Located in Delhi, Delhi (matches JD's preferred Pune/Noida/NCR geography). Concerns: no clear Tier-A/B product company in career history."
CAND_0078492,70,0.79038,"Marginal selection: 5.1 YOE as Recommendation Systems Engineer at Verloop.io. Expert-level skills include Machine Learning, Haystack, FAISS, Qdrant, directly matching the JD's retrieval/ranking requirements. Career includes Tier-A/B product companies (Verloop.io). Availability signals: actively open to work; high response rate (70%). Notice period 30d — within the JD's preferred range. Located in Kochi, Kerala (matches JD's preferred Pune/Noida/NCR geography). Concerns: no clear Tier-A/B product company in career history."
CAND_0064270,71,0.7901,"Marginal selection: 4.2 YOE as Applied ML Engineer at Verloop.io. Expert-level skills include LlamaIndex, PyTorch, Learning to Rank, Machine Learning, directly matching the JD's retrieval/ranking requirements. Career includes Tier-A/B product companies (Verloop.io). Availability signals: not marked open to work; high response rate (82%). Notice period 45d — above the JD's preferred 30-day threshold. Located in Pune, Maharashtra (matches JD's preferred Pune/Noida/NCR geography). Concerns: no clear Tier-A/B product company in career history; not actively signaling job search intent."
CAND_0087630,72,0.786316,"Marginal selection: 7.2 YOE as AI Engineer at Vedantu. Expert-level skills include NLP, QLoRA, Hugging Face Transformers, Sentence Transformers, directly matching the JD's retrieval/ranking requirements. Career includes Tier-A/B product companies (Vedantu). Availability signals: not marked open to work. Notice period 30d — within the JD's preferred range. Located in Gurgaon, Haryana (matches JD's preferred Pune/Noida/NCR geography). Concerns: no clear Tier-A/B product company in career history; not actively signaling job search intent."
CAND_0042029,73,0.785123,"Marginal selection: 6.5 YOE as Senior Data Scientist at Flipkart. Expert-level skills include PyTorch, NLP, RAG, Haystack, directly matching the JD's retrieval/ranking requirements. Career includes Tier-A/B product companies (Flipkart). Availability signals: not marked open to work. Notice period 45d — above the JD's preferred 30-day threshold. Located in Delhi, Delhi (matches JD's preferred Pune/Noida/NCR geography). Concerns: no clear Tier-A/B product company in career history; not actively signaling job search intent."
CAND_0026532,74,0.783843,"Marginal selection: 4.8 YOE as Recommendation Systems Engineer at Zomato. Expert-level skills include Embeddings, Semantic Search, Milvus, directly matching the JD's retrieval/ranking requirements. Career includes Tier-A/B product companies (Zomato). Availability signals: actively open to work. Notice period 90d — above the JD's preferred 30-day threshold. Located in Chennai, Tamil Nadu (matches JD's preferred Pune/Noida/NCR geography). Concerns: no clear Tier-A/B product company in career history."
CAND_0011162,75,0.783589,"Marginal selection: 5.8 YOE as Recommendation Systems Engineer at upGrad. Expert-level skills include FAISS, Vector Search, LangChain, LoRA, directly matching the JD's retrieval/ranking requirements. Career includes Tier-A/B product companies (upGrad). Availability signals: actively open to work; high response rate (75%). Notice period 90d — above the JD's preferred 30-day threshold. Located in Coimbatore, Tamil Nadu (matches JD's preferred Pune/Noida/NCR geography). Concerns: no clear Tier-A/B product company in career history."
CAND_0051004,76,0.783391,"Marginal selection: 4.7 YOE as Senior Data Scientist at CRED. Expert-level skills include Qdrant, PEFT, Fine-tuning LLMs, Prompt Engineering, directly matching the JD's retrieval/ranking requirements. Career includes Tier-A/B product companies (CRED). Availability signals: actively open to work. Notice period 15d — within the JD's preferred range. Located in Delhi, Delhi (matches JD's preferred Pune/Noida/NCR geography). Concerns: no clear Tier-A/B product company in career history."
CAND_0045250,77,0.782587,"Marginal selection: 6.6 YOE as Applied ML Engineer at Rephrase.ai. Expert-level skills include Sentence Transformers, Embeddings, NLP, LangChain, directly matching the JD's retrieval/ranking requirements. Career includes Tier-A/B product companies (Rephrase.ai). Availability signals: not marked open to work; high response rate (74%). Notice period 15d — within the JD's preferred range. Located in Delhi, Delhi (matches JD's preferred Pune/Noida/NCR geography). Concerns: no clear Tier-A/B product company in career history; not actively signaling job search intent."
CAND_0075249,78,0.7825,"Marginal selection: 6.2 YOE as Applied ML Engineer at Zomato. Expert-level skills include Sentence Transformers, Milvus, Machine Learning, Fine-tuning LLMs, directly matching the JD's retrieval/ranking requirements. Career includes Tier-A/B product companies (Zomato). Availability signals: actively open to work; high response rate (82%). Notice period 45d — above the JD's preferred 30-day threshold. Located in Ahmedabad, Gujarat (matches JD's preferred Pune/Noida/NCR geography). Concerns: no clear Tier-A/B product company in career history."
CAND_0057701,79,0.78102,"Marginal selection: 4.1 YOE as Recommendation Systems Engineer at Verloop.io. Expert-level skills include Prompt Engineering, OpenSearch, Python, Machine Learning, directly matching the JD's retrieval/ranking requirements. Career includes Tier-A/B product companies (Verloop.io). Availability signals: actively open to work. Notice period 120d — above the JD's preferred 30-day threshold. Located in Chandigarh, Chandigarh (matches JD's preferred Pune/Noida/NCR geography). Concerns: no clear Tier-A/B product company in career history."
CAND_0047721,80,0.78092,"Marginal selection: 7.0 YOE as Senior Data Scientist at Microsoft. Expert-level skills include Learning to Rank, BM25, Information Retrieval, Qdrant, directly matching the JD's retrieval/ranking requirements. Career includes Tier-A/B product companies (Microsoft). Availability signals: not marked open to work. Notice period 90d — above the JD's preferred 30-day threshold. Located in Coimbatore, Tamil Nadu (matches JD's preferred Pune/Noida/NCR geography). Concerns: no clear Tier-A/B product company in career history; not actively signaling job search intent."
CAND_0037566,81,0.780578,"Marginal selection: 6.9 YOE as Machine Learning Engineer at LinkedIn. Expert-level skills include Pinecone, LlamaIndex, QLoRA, TensorFlow, directly matching the JD's retrieval/ranking requirements. Career includes Tier-A/B product companies (LinkedIn). Availability signals: actively open to work. Notice period 15d — within the JD's preferred range. Located in Bangalore, Karnataka (matches JD's preferred Pune/Noida/NCR geography). Concerns: no clear Tier-A/B product company in career history."
CAND_0091534,82,0.779652,"Marginal selection: 16.6 YOE as AI Engineer at Flipkart. Expert-level skills include scikit-learn, Sentence Transformers, RAG, LlamaIndex, directly matching the JD's retrieval/ranking requirements. Career includes Tier-A/B product companies (Flipkart). Availability signals: not marked open to work; high response rate (84%). Notice period 30d — within the JD's preferred range. Located in Gurgaon, Haryana (matches JD's preferred Pune/Noida/NCR geography). Concerns: no clear Tier-A/B product company in career history; not actively signaling job search intent."
CAND_0058688,83,0.778035,"Marginal selection: 6.7 YOE as AI Engineer at Vedantu. Expert-level skills include scikit-learn, LlamaIndex, Embeddings, Information Retrieval, directly matching the JD's retrieval/ranking requirements. Career includes Tier-A/B product companies (Vedantu). Availability signals: actively open to work; high response rate (74%). Notice period 15d — within the JD's preferred range. Located in Berlin (matches JD's preferred Pune/Noida/NCR geography). Concerns: no clear Tier-A/B product company in career history."
CAND_0037944,84,0.77774,"Marginal selection: 4.9 YOE as Senior Data Scientist at Vedantu. Expert-level skills include Vector Search, Machine Learning, OpenSearch, Embeddings, directly matching the JD's retrieval/ranking requirements. Career includes Tier-A/B product companies (Vedantu). Availability signals: actively open to work. Notice period 30d — within the JD's preferred range. Located in Jaipur, Rajasthan (matches JD's preferred Pune/Noida/NCR geography). Concerns: no clear Tier-A/B product company in career history."
CAND_0076831,85,0.777563,"Marginal selection: 4.0 YOE as Search Engineer at Krutrim. Expert-level skills include LLMs, Milvus, NLP, Fine-tuning LLMs, directly matching the JD's retrieval/ranking requirements. Career includes Tier-A/B product companies (Krutrim). Availability signals: actively open to work. Notice period 90d — above the JD's preferred 30-day threshold. Located in Delhi, Delhi (matches JD's preferred Pune/Noida/NCR geography). Concerns: no clear Tier-A/B product company in career history."
CAND_0072688,86,0.777389,"Marginal selection: 6.9 YOE as Data Scientist at Niramai. Partial ML skill overlap (Milvus, Apache Flink, Data Science, Time Series, Object Detection); some JD requirements covered. Career includes Tier-A/B product companies (Niramai). Availability signals: actively open to work; high response rate (87%). Notice period 45d — above the JD's preferred 30-day threshold. Located in Pune, Maharashtra (matches JD's preferred Pune/Noida/NCR geography). Concerns: no clear Tier-A/B product company in career history."
CAND_0096142,87,0.77714,"Marginal selection: 5.0 YOE as Applied ML Engineer at upGrad. Expert-level skills include Pinecone, Python, NLP, BM25, directly matching the JD's retrieval/ranking requirements. Career includes Tier-A/B product companies (upGrad). Availability signals: actively open to work; high response rate (84%). Notice period 120d — above the JD's preferred 30-day threshold. Located in Hyderabad, Telangana (matches JD's preferred Pune/Noida/NCR geography). Concerns: no clear Tier-A/B product company in career history."
CAND_0044855,88,0.776768,"Marginal selection: 6.6 YOE as Senior Data Scientist at Flipkart. Expert-level skills include Learning to Rank, OpenSearch, Information Retrieval, Pinecone, directly matching the JD's retrieval/ranking requirements. Career includes Tier-A/B product companies (Flipkart). Availability signals: not marked open to work. Notice period 60d — above the JD's preferred 30-day threshold. Located in Coimbatore, Tamil Nadu (matches JD's preferred Pune/Noida/NCR geography). Concerns: no clear Tier-A/B product company in career history; not actively signaling job search intent."
CAND_0041568,89,0.776625,"Marginal selection: 5.2 YOE as Search Engineer at Haptik. Expert-level skills include PEFT, Weaviate, TensorFlow, BM25, directly matching the JD's retrieval/ranking requirements. Career includes Tier-A/B product companies (Haptik). Availability signals: actively open to work. Notice period 90d — above the JD's preferred 30-day threshold. Located in Sydney (matches JD's preferred Pune/Noida/NCR geography). Concerns: no clear Tier-A/B product company in career history."
CAND_0030348,90,0.77478,"Marginal selection: 4.5 YOE as Machine Learning Engineer at BYJU'S. Expert-level skills include LlamaIndex, PyTorch, pgvector, Haystack, directly matching the JD's retrieval/ranking requirements. Career includes Tier-A/B product companies (BYJU'S). Availability signals: actively open to work. Notice period 45d — above the JD's preferred 30-day threshold. Located in Noida, Uttar Pradesh (matches JD's preferred Pune/Noida/NCR geography). Concerns: no clear Tier-A/B product company in career history."
CAND_0053591,91,0.77446,"Marginal selection: 5.3 YOE as AI Engineer at Ola. Expert-level skills include OpenSearch, Sentence Transformers, Qdrant, directly matching the JD's retrieval/ranking requirements. Career includes Tier-A/B product companies (Ola). Availability signals: actively open to work; high response rate (81%). Notice period 60d — above the JD's preferred 30-day threshold. Located in Toronto (matches JD's preferred Pune/Noida/NCR geography). Concerns: no clear Tier-A/B product company in career history."
CAND_0013536,92,0.77426,"Marginal selection: 14.1 YOE as Applied ML Engineer at Haptik. Expert-level skills include Prompt Engineering, Embeddings, QLoRA, Pinecone, directly matching the JD's retrieval/ranking requirements. Career includes Tier-A/B product companies (Haptik). Availability signals: actively open to work; high response rate (87%). Notice period 90d — above the JD's preferred 30-day threshold. Located in Trivandrum, Kerala (matches JD's preferred Pune/Noida/NCR geography). Concerns: no clear Tier-A/B product company in career history."
CAND_0015528,93,0.7735,"Marginal selection: 7.4 YOE as Applied ML Engineer at Krutrim. Expert-level skills include Weaviate, LangChain, Information Retrieval, OpenSearch, directly matching the JD's retrieval/ranking requirements. Career includes Tier-A/B product companies (Krutrim). Availability signals: not marked open to work. Notice period 30d — within the JD's preferred range. Located in Coimbatore, Tamil Nadu (matches JD's preferred Pune/Noida/NCR geography). Concerns: no clear Tier-A/B product company in career history; not actively signaling job search intent."
CAND_0071939,94,0.77244,"Marginal selection: 6.4 YOE as Data Scientist at Krutrim. Partial ML skill overlap (TTS, Elasticsearch, OpenSearch, Embeddings, QLoRA); some JD requirements covered. Career includes Tier-A/B product companies (Krutrim). Availability signals: actively open to work. Notice period 30d — within the JD's preferred range. Located in Pune, Maharashtra (matches JD's preferred Pune/Noida/NCR geography). Concerns: no clear Tier-A/B product company in career history."
CAND_0074735,95,0.77144,"Marginal selection: 5.5 YOE as Applied ML Engineer at Rephrase.ai. Expert-level skills include RAG, Prompt Engineering, LlamaIndex, Machine Learning, directly matching the JD's retrieval/ranking requirements. Career includes Tier-A/B product companies (Rephrase.ai). Availability signals: actively open to work; high response rate (77%). Notice period 90d — above the JD's preferred 30-day threshold. Located in Chandigarh, Chandigarh (matches JD's preferred Pune/Noida/NCR geography). Concerns: no clear Tier-A/B product company in career history."
CAND_0079284,96,0.770574,"Marginal selection: 4.9 YOE as Machine Learning Engineer at Google. Expert-level skills include Recommendation Systems, LlamaIndex, Qdrant, Elasticsearch, directly matching the JD's retrieval/ranking requirements. Career includes Tier-A/B product companies (Google). Availability signals: not marked open to work; high response rate (79%). Notice period 30d — within the JD's preferred range. Located in Hyderabad, Telangana (matches JD's preferred Pune/Noida/NCR geography). Concerns: no clear Tier-A/B product company in career history; not actively signaling job search intent."
CAND_0039521,97,0.7691,"Marginal selection: 3.0 YOE as Search Engineer at Salesforce. Expert-level skills include Hugging Face Transformers, Weaviate, BM25, Haystack, directly matching the JD's retrieval/ranking requirements. Career includes Tier-A/B product companies (Salesforce). Availability signals: not marked open to work. Notice period 30d — within the JD's preferred range. Located in Coimbatore, Tamil Nadu (matches JD's preferred Pune/Noida/NCR geography). Concerns: no clear Tier-A/B product company in career history; not actively signaling job search intent."
CAND_0053695,98,0.765814,"Marginal selection: 5.8 YOE as Recommendation Systems Engineer at Meesho. Expert-level skills include Pinecone, LangChain, Recommendation Systems, TensorFlow, directly matching the JD's retrieval/ranking requirements. Career includes Tier-A/B product companies (Meesho). Availability signals: actively open to work. Notice period 15d — within the JD's preferred range. Located in Bhubaneswar, Odisha (matches JD's preferred Pune/Noida/NCR geography). Concerns: no clear Tier-A/B product company in career history."
CAND_0089552,99,0.76498,"Marginal selection: 6.0 YOE as Machine Learning Engineer at Netflix. Expert-level skills include TensorFlow, Qdrant, Vector Search, Fine-tuning LLMs, directly matching the JD's retrieval/ranking requirements. Career includes Tier-A/B product companies (Netflix). Availability signals: not marked open to work. Notice period 120d — above the JD's preferred 30-day threshold. Located in Kolkata, West Bengal (matches JD's preferred Pune/Noida/NCR geography). Concerns: no clear Tier-A/B product company in career history; not actively signaling job search intent."
CAND_0073007,100,0.76488,"Marginal selection: 5.8 YOE as AI Specialist at Aganitha. Partial ML skill overlap (Milvus, BentoML, PyTorch, Embeddings, Computer Vision); some JD requirements covered. Career includes Tier-A/B product companies (Aganitha). Availability signals: actively open to work; high response rate (83%). Notice period 60d — above the JD's preferred 30-day threshold. Located in Bangalore, Karnataka (matches JD's preferred Pune/Noida/NCR geography). Concerns: no clear Tier-A/B product company in career history."
